<?xml version="1.0"?>
<!DOCTYPE hibernate-mapping PUBLIC "-//Hibernate/Hibernate Mapping DTD 3.0//EN"
"http://hibernate.sourceforge.net/hibernate-mapping-3.0.dtd">
<!-- Generated 28-Jul-2024, 12:10:20 PM by Hibernate Tools 3.5.0.Final -->
<hibernate-mapping>
    <class name="bean.Employee" table="Employee_Sample">
        <id name="id">
            <column name="ID" />
            <generator class="increment" />
        </id>
        <property name="name" >
            <column name="NAME" />
        </property>
    </class>
</hibernate-mapping>
